"Time (s)";"Acceleration x (m/s^2)";"Acceleration y (m/s^2)";"Acceleration z (m/s^2)";"Absolute acceleration (m/s^2)"
6.136458333E-3;9.011260986E-2;4.146377563E-2;9.769883423E0;9.770386974E0
1.611545833E-2;9.475296021E-2;4.520599365E-2;9.782906342E0;9.783469640E0
2.609545833E-2;9.265731812E-2;4.415817261E-2;9.781559143E0;9.782097658E0
3.607445833E-2;8.786727905E-2;5.328918457E-2;9.787097626E0;9.787637117E0
4.605345833E-2;8.831634521E-2;5.104385376E-2;9.788444824E0;9.788976317E0
5.603245833E-2;8.143066406E-2;4.445755005E-2;9.789941711E0;9.790381307E0
6.601145833E-2;8.726852417E-2;4.984634399E-2;9.787995758E0;9.788511706E0
7.599070833E-2;9.145980835E-2;4.954696655E-2;9.791588287E0;9.792140777E0
8.596970833E-2;9.385482788E-2;4.625381470E-2;9.794282684E0;9.794841573E0
9.594870833E-2;8.771759033E-2;5.343887329E-2;9.787397003E0;9.787935951E0
1.059277083E-1;9.505233765E-2;5.224136353E-2;9.789043579E0;9.789644442E0
1.159067083E-1;9.190887451E-2;4.760101318E-2;9.788893890E0;9.789441082E0
1.258857083E-1;9.490264893E-2;5.613327026E-2;9.785001984E0;9.785623193E0
1.358647083E-1;9.669891357E-2;4.864883423E-2;9.787247314E0;9.787845901E0
1.458447083E-1;9.415420532E-2;5.074447632E-2;9.787247314E0;9.787831732E0
1.558237083E-1;9.175918579E-2;5.239105225E-2;9.780661011E0;9.781231741E0
1.658027083E-1;9.026229858E-2;5.972579956E-2;9.783505096E0;9.784103762E0
1.757817083E-1;9.595046997E-2;5.224136353E-2;9.788744202E0;9.789353845E0
1.857607083E-1;1.013392639E-1;4.849914551E-2;9.782906342E0;9.783551416E0
1.957397083E-1;8.607101440E-2;5.239105225E-2;9.768685913E0;9.769205572E0
2.057187083E-1;9.520202637E-2;4.610412598E-2;9.786648560E0;9.787220190E0
2.156977083E-1;9.116043091E-2;4.879852295E-2;9.779613190E0;9.780159797E0
2.256767083E-1;8.547225952E-2;4.775070190E-2;9.788145447E0;9.788635090E0
2.356557083E-1;9.624984741E-2;5.089416504E-2;9.795929260E0;9.796534302E0
2.456347083E-1;9.086105347E-2;5.134323120E-2;9.786947937E0;9.787504369E0
2.556137083E-1;9.430389404E-2;4.640350342E-2;9.789492645E0;9.790056831E0
2.655927083E-1;9.190887451E-2;5.104385376E-2;9.790989532E0;9.791553949E0
2.755727083E-1;8.726852417E-2;5.239105225E-2;9.790241089E0;9.790770204E0
2.855517083E-1;9.041198730E-2;4.939727783E-2;9.787995758E0;9.788537959E0
2.955307083E-1;9.565109253E-2;5.358856201E-2;9.790839844E0;9.791453708E0
3.055097083E-1;9.400451660E-2;5.328918457E-2;9.788744202E0;9.789340613E0
3.154887083E-1;9.804611206E-2;4.715194702E-2;9.787097626E0;9.787702298E0
3.254677083E-1;9.340576172E-2;4.775070190E-2;9.784103851E0;9.784666215E0
3.354467083E-1;1.014889526E-1;4.790039063E-2;9.787546692E0;9.788190063E0
3.454257083E-1;9.041198730E-2;4.819976807E-2;9.787696381E0;9.788232628E0
3.554047083E-1;8.277786255E-2;4.999603271E-2;9.785451050E0;9.785928879E0
3.653837083E-1;9.101074219E-2;5.448669434E-2;9.788893890E0;9.789468594E0
3.753627083E-1;9.610015869E-2;5.179229736E-2;9.780062256E0;9.780671521E0
3.853417083E-1;9.190887451E-2;5.298980713E-2;9.788594513E0;9.789169408E0
3.953217083E-1;9.714797974E-2;4.894821167E-2;9.785301361E0;9.785906007E0
4.053007083E-1;8.981323242E-2;4.565505981E-2;9.780661011E0;9.781179919E0
4.152797083E-1;8.951385498E-2;5.179229736E-2;9.776769104E0;9.777316057E0
4.252587083E-1;9.415420532E-2;5.239105225E-2;9.782157898E0;9.782751299E0
4.352377083E-1;9.325607300E-2;4.894821167E-2;9.788594513E0;9.789161106E0
4.452167083E-1;9.145980835E-2;4.775070190E-2;9.785451050E0;9.785994956E0
4.551957083E-1;9.430389404E-2;4.730163574E-2;9.786199493E0;9.786768169E0
4.651747083E-1;9.535171509E-2;5.014572144E-2;9.780810699E0;9.781404014E0
4.751537083E-1;8.652008057E-2;4.984634399E-2;9.791139221E0;9.791648361E0
4.851327083E-1;8.577163696E-2;5.613327026E-2;9.779014435E0;9.779551679E0
4.951117083E-1;9.385482788E-2;5.478607178E-2;9.780062256E0;9.780666029E0
5.050907083E-1;1.007405090E-1;5.044509888E-2;9.787397003E0;9.788045436E0
5.150707083E-1;8.816665649E-2;4.924758911E-2;9.791288910E0;9.791809700E0
5.250497083E-1;8.696914673E-2;5.343887329E-2;9.789492645E0;9.790024801E0
5.350287083E-1;8.217910767E-2;4.790039063E-2;9.791887665E0;9.792349662E0
5.450077083E-1;9.954299927E-2;4.984634399E-2;9.784403229E0;9.785036536E0
5.549867083E-1;9.834548950E-2;5.418731689E-2;9.792336731E0;9.792980484E0
5.649657083E-1;9.355545044E-2;4.535568237E-2;9.789193268E0;9.789745379E0
5.749447083E-1;9.445358276E-2;5.373825073E-2;9.792935486E0;9.793538416E0
5.849237083E-1;8.861572266E-2;5.433700562E-2;9.787247314E0;9.787799306E0
5.949027083E-1;9.460327148E-2;4.595443726E-2;9.791588287E0;9.792153123E0
6.048817083E-1;8.981323242E-2;5.044509888E-2;9.791887665E0;9.792429482E0
6.148607083E-1;9.864486694E-2;5.298980713E-2;9.795330505E0;9.795970521E0
6.248397083E-1;9.116043091E-2;5.628295898E-2;9.782457275E0;9.783043920E0
6.348197083E-1;8.921447754E-2;4.864883423E-2;9.791139221E0;9.791666517E0
6.447987083E-1;8.771759033E-2;4.550537109E-2;9.789342957E0;9.789841706E0
6.547777083E-1;9.340576172E-2;5.164260864E-2;9.784403229E0;9.784985342E0
6.647567083E-1;8.771759033E-2;5.643264771E-2;9.785001984E0;9.785557871E0
6.747357083E-1;9.639953613E-2;5.433700562E-2;9.783804474E0;9.784430252E0
6.847147083E-1;9.445358276E-2;4.819976807E-2;9.789342957E0;9.789917273E0
6.946937083E-1;9.535171509E-2;5.194198608E-2;9.794582062E0;9.795183903E0
7.046727083E-1;9.116043091E-2;5.029541016E-2;9.786199493E0;9.786753311E0
7.146517083E-1;9.699829102E-2;5.044509888E-2;9.785001984E0;9.785612766E0
7.246307083E-1;9.131011963E-2;3.951782227E-2;9.782157898E0;9.782663867E0
7.346097083E-1;9.235794067E-2;4.790039063E-2;9.793534241E0;9.794086857E0
7.445887083E-1;9.550140381E-2;5.014572144E-2;9.791438599E0;9.792032728E0
7.545677083E-1;9.041198730E-2;5.763015747E-2;9.779613190E0;9.780200903E0
7.645477083E-1;9.071136475E-2;4.834945679E-2;9.778565369E0;9.779105628E0
7.745267083E-1;8.562194824E-2;4.894821167E-2;9.781858521E0;9.782355706E0
7.845057083E-1;9.819580078E-2;4.849914551E-2;9.792935486E0;9.793547877E0
7.944847083E-1;9.400451660E-2;4.909790039E-2;9.785750427E0;9.786325096E0
8.044637083E-1;8.472381592E-2;5.269042969E-2;9.786498871E0;9.787007436E0
8.144427083E-1;1.029858398E-1;5.448669434E-2;9.791139221E0;9.791832420E0
8.244217083E-1;8.786727905E-2;5.628295898E-2;9.793983307E0;9.794539165E0
8.344007083E-1;8.831634521E-2;4.355941772E-2;9.786349182E0;9.786844615E0
8.443797083E-1;9.280700684E-2;4.550537109E-2;9.781858521E0;9.782404612E0
8.543587083E-1;8.786727905E-2;4.939727783E-2;9.791139221E0;9.791658082E0
8.643377083E-1;8.622070312E-2;5.029541016E-2;9.791139221E0;9.791648017E0
8.743167083E-1;8.846603394E-2;5.822891235E-2;9.784403229E0;9.784976412E0
8.842967083E-1;8.532257080E-2;4.281097412E-2;9.785001984E0;9.785467620E0
8.942757083E-1;8.981323242E-2;4.490661621E-2;9.788145447E0;9.788660496E0
9.042547083E-1;9.385482788E-2;4.206253052E-2;9.796977081E0;9.797516926E0
9.142337083E-1;9.235794067E-2;5.837860107E-2;9.781259766E0;9.781869998E0
9.242127083E-1;8.232879639E-2;5.927673340E-2;9.766440582E0;9.766967462E0
9.341917083E-1;1.029858398E-1;4.565505981E-2;9.794582062E0;9.795229871E0
9.441707083E-1;9.684860229E-2;4.505630493E-2;9.792636108E0;9.793218658E0
9.541497083E-1;9.699829102E-2;4.326004028E-2;9.805659027E0;9.806234193E0
9.641287083E-1;1.007405090E-1;4.894821167E-2;9.789642334E0;9.790283020E0
9.741077083E-1;1.016386414E-1;3.607498169E-2;9.813442841E0;9.814035470E0
9.840867083E-1;9.131011963E-2;4.655319214E-2;9.780211945E0;9.780748970E0
9.940657083E-1;9.759704590E-2;4.685256958E-2;9.769134979E0;9.769734827E0
1.004045708E0;6.316864014E-2;7.095245361E-2;9.754016418E0;9.754479013E0
1.014024708E0;-3.537144470E-1;4.960684204E-1;9.803862762E0;9.822775720E0
1.024003708E0;-5.849835205E-1;1.302740936E0;9.842332764E0;9.945393602E0
1.033982708E0;3.858975220E-1;5.275030518E-1;9.797426147E0;9.819202385E0
1.043961708E0;3.830534363E-1;8.232879639E-3;9.755662994E0;9.763183813E0
1.053940708E0;5.300477600E-1;3.152444458E-1;9.751172333E0;9.770654612E0
1.063919708E0;3.438349915E-1;1.045575714E0;9.787097626E0;9.848793378E0
1.073898458E0;-2.477348328E-1;9.090596008E-1;9.788295135E0;9.833538710E0
1.083877458E0;-1.248403931E-1;1.201551361E0;9.755213928E0;9.829725814E0
1.093856458E0;2.784210205E-2;1.694027252E0;9.765991516E0;9.911866313E0
1.103835458E0;8.472381592E-2;1.682351532E0;9.769434357E0;9.913593317E0
1.113815458E0;7.244934082E-2;1.460512848E0;9.790241089E0;9.898846764E0
1.123794458E0;1.092727661E-1;1.451381836E0;9.747130737E0;9.855202047E0
1.133773458E0;1.478924561E-1;1.665137329E0;9.751471710E0;9.893723011E0
1.143752458E0;-1.167572021E-2;2.017205200E0;9.769434357E0;9.975525089E0
1.153731458E0;-1.483415222E-1;1.889969788E0;9.779014435E0;9.961079978E0
1.163710458E0;-2.977308655E-1;1.977687378E0;9.790091400E0;9.992286058E0
1.173689458E0;-4.558021545E-1;2.069745941E0;9.789193268E0;1.001598266E1
1.183668458E0;-2.618055725E-1;2.135908356E0;9.747280426E0;9.981989900E0
1.193647458E0;-2.799179077E-2;2.716251526E0;9.717342682E0;1.008987387E1
1.203626458E0;1.577719116E-1;2.329306183E0;9.807455292E0;1.008150478E1
1.213605458E0;1.651066589E-1;2.368225250E0;9.710906067E0;9.996871895E0
1.223584458E0;1.026864624E-1;2.114951935E0;9.846524048E0;1.007162360E1
1.233564458E0;4.311035156E-2;1.639989624E0;9.705217896E0;9.842899922E0
1.243543458E0;1.478924561E-1;1.612147522E0;9.765093384E0;9.898380706E0
1.253522458E0;1.451980591E-2;1.816322937E0;9.752070465E0;9.919784181E0
1.263501458E0;-3.341052246E-1;2.096240845E0;9.774374084E0;1.000221179E1
1.273480458E0;-3.062631226E-1;2.483934631E0;9.790839844E0;1.010565551E1
1.283459458E0;-1.407073975E-1;2.325414276E0;9.776020660E0;1.004977264E1
1.293438458E0;-5.508544922E-2;1.539847870E0;9.791887665E0;9.912377611E0
1.303417458E0;1.691482544E-2;1.434167633E0;9.704319763E0;9.809737253E0
1.313396458E0;2.737806702E-1;1.711540833E0;9.769883423E0;9.922446773E0
1.323375458E0;7.176077271E-1;1.506018219E0;9.753717041E0;9.895354862E0
1.333354458E0;7.541317749E-1;1.171314240E0;9.785301361E0;9.883967549E0
1.343333458E0;6.694079590E-1;1.106648712E0;9.802515564E0;9.887471354E0
1.353312458E0;4.501139832E-1;1.203497314E0;9.747280426E0;9.831606384E0
1.363292458E0;1.669029236E-1;9.175918579E-1;9.767039337E0;9.811467210E0
1.373271458E0;-1.001417542E-1;6.930587769E-1;9.763746185E0;9.788825180E0
1.383250458E0;-1.136137390E-1;1.133442993E0;9.687704315E0;9.754445961E0
1.393229458E0;3.266207886E-1;1.523082733E0;9.792187042E0;9.915310848E0
1.403208458E0;3.411405945E-1;1.232237549E0;9.795929260E0;9.879018998E0
1.413187458E0;4.326004028E-2;1.081201630E0;9.774374084E0;9.834086492E0
1.423166458E0;-2.514770508E-1;6.483018494E-1;9.811646576E0;9.836256632E0
1.433145458E0;1.231938171E-1;6.722520447E-1;9.706864471E0;9.730894995E0
1.443124458E0;3.739224243E-1;1.045875092E0;9.733059998E0;9.796230377E0
1.453103458E0;3.797602844E-1;1.268013153E0;9.843679962E0;9.932276196E0
1.463082458E0;3.082090759E-1;1.189576263E0;9.841284943E0;9.917710111E0
1.473062458E0;3.412902832E-2;9.431886292E-1;9.731563110E0;9.777223029E0
1.483041458E0;-2.727328491E-1;4.523593140E-1;9.813891907E0;9.828096790E0
1.493020458E0;-4.599934387E-1;7.747888184E-1;9.775721283E0;9.817159379E0
1.502999458E0;-4.778063965E-1;1.272204437E0;9.816586304E0;9.910205333E0
1.512978458E0;5.418731689E-2;1.057550812E0;9.706116028E0;9.763710275E0
1.522957458E0;1.724414062E-1;9.659413147E-1;9.786648560E0;9.835713939E0
1.532936458E0;2.980302429E-1;1.386865997E0;9.733658752E0;9.836479656E0
1.542915458E0;5.635780334E-1;9.433383179E-1;9.778265991E0;9.839816725E0
1.552894458E0;4.842430115E-1;4.845423889E-1;9.791438599E0;9.815372762E0
1.562873458E0;3.638932800E-1;6.572831726E-1;9.836943970E0;9.865592033E0
1.572852458E0;3.448828125E-1;5.560935974E-1;9.803413696E0;9.825227954E0
1.582831458E0;2.035766602E-2;1.080752563E-1;9.789792023E0;9.790409723E0
1.592811458E0;-9.699829102E-2;8.472381592E-2;9.780361633E0;9.781209561E0
1.602790458E0;-2.707868958E-1;6.586303711E-2;9.816286926E0;9.820241978E0
1.612769458E0;3.832031250E-2;2.942880249E-1;9.711953888E0;9.716487133E0
1.622748458E0;6.451583862E-2;5.649252319E-1;9.777816925E0;9.794335436E0
1.632727458E0;-4.739144897E-1;6.104306030E-1;9.821526031E0;9.851882767E0
1.642706458E0;-5.258564758E-1;4.827461243E-1;9.785151672E0;9.811154983E0
1.652685458E0;-5.390290833E-1;1.582209778E-1;9.776619415E0;9.792745959E0
1.662664458E0;-4.411326599E-1;8.652008057E-2;9.796977081E0;9.807285235E0
1.672643458E0;1.320254517E-1;4.303550720E-1;9.790390778E0;9.800734043E0
1.682622458E0;5.755531311E-1;3.617976379E-1;9.731563110E0;9.755279571E0
1.692601458E0;4.016148376E-1;1.272354126E-1;9.791887665E0;9.800946249E0
1.702580458E0;-2.999761963E-1;1.115180969E-1;9.847272491E0;9.852471645E0
1.712560458E0;-1.513352966E-1;2.516267395E-1;9.741143188E0;9.745567660E0
1.722539458E0;3.341052246E-1;-6.017486572E-2;9.732910309E0;9.738829005E0
1.732518458E0;2.653981018E-1;-4.468208313E-1;9.822274475E0;9.836013464E0
1.742497458E0;4.969665527E-2;-2.451901245E-1;9.781409454E0;9.784608263E0
1.752476458E0;5.325924683E-1;-2.903961182E-1;9.821226654E0;9.839942969E0
1.762455458E0;1.126108246E0;-3.159928894E-1;9.812245331E0;9.881706822E0
1.772434458E0;1.193019104E0;-1.528321838E-1;9.787097626E0;9.860726758E0
1.782413458E0;8.470884705E-1;7.050338745E-2;9.811347198E0;9.848099484E0
1.792392458E0;2.432441711E-1;5.650749207E-1;9.742191010E0;9.761596338E0
1.802371458E0;-4.625381470E-2;3.758683777E-1;9.821825409E0;9.829123604E0
1.812350458E0;1.516346741E-1;-4.147874451E-1;9.742789764E0;9.752794168E0
1.822329458E0;-1.134640503E-1;-5.569917297E-1;9.804012451E0;9.820477281E0
1.832309458E0;-5.611830139E-1;-4.888833618E-1;9.848320312E0;9.876403510E0
1.842288458E0;-4.574487305E-1;-4.489164734E-1;9.735305328E0;9.756380229E0
1.852267458E0;3.285667419E-1;-7.141648865E-1;9.757459259E0;9.789075481E0
1.862246458E0;5.885760498E-1;-8.803193665E-1;9.794132996E0;9.851214397E0
1.872225458E0;-5.471122742E-1;-6.047424316E-2;9.806856537E0;9.822292202E0
1.882204458E0;-9.641450500E-1;6.637197876E-1;9.797725525E0;9.867397078E0
1.892183458E0;-2.380050659E-1;-2.097138977E-1;9.842781830E0;9.847892185E0
1.902162458E0;3.867956543E-1;-3.254232788E-1;9.735155640E0;9.748269924E0
1.912141458E0;4.361929321E-1;6.945556641E-2;9.796078949E0;9.806031365E0
1.922120458E0;8.343649292E-1;4.890330505E-1;9.872120819E0;9.919379397E0
1.932099458E0;1.359622650E0;5.903723145E-1;9.666149139E0;9.779138633E0
1.942078458E0;1.265318756E0;-4.261637878E-1;9.769134979E0;9.859951591E0
1.952058458E0;-2.191442871E-1;-9.693841553E-1;9.843530273E0;9.893574587E0
1.962037458E0;-2.398911438E0;1.131646729E-1;9.835896149E0;1.012484249E1
1.972016458E0;-2.047292633E0;4.110452271E-1;9.811945953E0;1.003168225E1
1.981995458E0;1.333726501E-1;-4.861889648E-1;9.780810699E0;9.793795276E0
1.991974458E0;1.570234680E0;-3.091072083E-1;9.830956421E0;9.960365875E0
2.001953458E0;1.631008301E0;6.327342224E-1;9.781858521E0;9.937066810E0
2.011932458E0;1.739682312E0;1.119521942E0;9.724677429E0;9.942292242E0
2.021911458E0;1.726210327E0;-3.564088440E-1;9.802515564E0;9.959725937E0
2.031890458E0;1.103804626E0;-1.526675262E0;9.767488403E0;9.947509825E0
2.041869458E0;-8.364605713E-1;-3.680845642E-1;9.858798523E0;9.901063622E0
2.051848458E0;-1.868115234E0;1.013242950E0;9.719737701E0;9.949362632E0
2.061827458E0;-9.418414307E-1;1.027164001E0;9.737251282E0;9.836472624E0
2.071807458E0;7.194039917E-1;-2.365081787E-2;9.867181091E0;9.893400030E0
2.081785833E0;9.330097961E-1;-1.156345367E0;9.760153656E0;9.872600533E0
2.091764833E0;9.816586304E-1;-1.303040314E0;9.791737976E0;9.926716492E0
2.101743833E0;1.611399078E0;-1.203647003E0;9.760902100E0;9.965971247E0
2.111722833E0;2.149530029E0;-1.099912720E0;9.751920776E0;1.004640464E1
2.121701833E0;2.048639832E0;-1.052760773E0;9.837542725E0;1.010358735E1
2.131680833E0;1.350940704E0;-1.034648438E0;9.802066498E0;9.948670555E0
2.141659833E0;6.809339905E-1;-1.772314453E-1;9.828860779E0;9.854013715E0
2.151638833E0;1.239422607E-1;6.635700989E-1;9.700577545E0;9.724036799E0
2.161617833E0;-4.388873291E-1;2.516267395E-1;9.831405487E0;9.844413236E0
2.171596833E0;-4.957690430E-1;7.694000244E-2;9.722132721E0;9.735069150E0
2.181575833E0;-1.031355286E-1;-2.378553772E-1;9.767937469E0;9.771377310E0
2.191555833E0;2.734812927E-1;-3.926335144E-1;9.777367859E0;9.789069176E0
2.201534833E0;-8.068222046E-2;-2.406994629E-1;9.778715057E0;9.782009713E0
2.211513833E0;-1.100212097E-1;-2.469863892E-1;9.790390778E0;9.794123673E0
2.221492833E0;6.168672180E-1;-4.016148376E-1;9.773925018E0;9.801603435E0
2.231471833E0;1.174308014E0;-2.998265076E-1;9.807754669E0;9.882355331E0
2.241450833E0;1.017434235E0;-1.216969299E-1;9.730365601E0;9.784170751E0
2.251429833E0;5.231620789E-1;-2.981799316E-1;9.856553192E0;9.874930413E0
2.261408833E0;-2.424957275E-2;-7.319778442E-2;9.882748718E0;9.883049539E0
2.271387833E0;-9.946815491E-1;5.996530151E-1;9.742789764E0;9.811774942E0
2.281366833E0;-1.774859161E0;8.779243469E-1;9.613907776E0;9.815706746E0
2.291345833E0;-1.710642700E0;2.369572449E-1;9.858948212E0;1.000906125E1
2.301324833E0;-9.638456726E-1;-5.502557373E-1;9.828860779E0;9.891323676E0
2.311304833E0;-6.526428223E-2;-9.198371887E-1;9.789642334E0;9.832978028E0
2.321283833E0;7.891589355E-1;-1.079555054E0;9.944270782E0;1.003377956E1
2.331262833E0;1.109941864E0;-1.452579346E0;9.671537933E0;9.842794506E0
2.341241833E0;9.580078125E-1;-1.478475494E0;9.785301361E0;9.942624980E0
2.351220833E0;7.774832153E-1;-9.026229858E-1;9.793384552E0;9.865575979E0
2.361199833E0;6.730004883E-1;-3.463796997E-1;9.805359650E0;9.834530310E0
2.371178833E0;6.477030945E-1;-1.930984497E-1;9.754615173E0;9.778002019E0
2.381157833E0;4.025129700E-1;-2.915936279E-1;9.830806732E0;9.843363477E0
2.391136833E0;1.889071655E-1;-6.968009949E-1;9.789342957E0;9.815928538E0
2.401115833E0;-1.160087585E-1;-1.085243225E0;9.808353424E0;9.868890909E0
2.411094833E0;-6.110293579E-1;-1.047072601E0;9.793384552E0;9.868135533E0
2.421073833E0;-7.545808411E-1;-7.987390137E-1;9.815239105E0;9.876552787E0
2.431053833E0;-6.521937561E-1;-9.898915100E-1;9.814340973E0;9.885672998E0
2.441032833E0;-8.608598328E-1;-1.403481445E0;9.693841553E0;9.832670231E0
2.451011833E0;-4.878355408E-1;-1.158890076E0;9.908644867E0;9.988105567E0
2.460990833E0;5.677693176E-1;-1.194515991E0;9.813442841E0;9.902165967E0
2.470969833E0;4.825964355E-1;-2.327509918E0;9.757010193E0;1.004238267E1
2.480948833E0;-1.691482544E-2;-3.195105743E0;9.814939728E0;1.032191982E1
2.490927833E0;7.738906860E-2;-2.809208221E0;9.788444824E0;1.018387411E1
2.500906833E0;1.721420288E-1;-2.148781586E0;9.877359924E0;1.010985333E1
2.510885833E0;2.411485291E-1;-2.204316101E0;9.804760895E0;1.005238769E1
2.520864833E0;3.854484558E-1;-2.665207672E0;9.747130737E0;1.011229252E1
2.530843833E0;4.881349182E-1;-2.873724060E0;9.765243073E0;1.019100279E1
2.540822833E0;5.536985779E-1;-2.928809509E0;9.800270233E0;1.024352497E1
2.550802833E0;7.571255493E-1;-2.842139740E0;9.774523773E0;1.020746356E1
2.560781833E0;1.020727386E0;-2.562072144E0;9.808802490E0;1.018914640E1
2.570760833E0;8.659492493E-1;-2.586621094E0;9.735904083E0;1.011080141E1
2.580739833E0;5.533992004E-1;-2.729723511E0;9.831854553E0;1.021875751E1
2.590718833E0;4.508624268E-1;-2.477797394E0;9.807904358E0;1.012609227E1
2.600697833E0;4.369413757E-1;-2.299967194E0;9.891280975E0;1.016455637E1
2.610676833E0;5.358856201E-1;-2.370021515E0;9.815239105E0;1.011153273E1
2.620655833E0;6.337820435E-1;-2.228415985E0;9.845925293E0;1.011482883E1
2.630634833E0;6.562353516E-1;-1.879940643E0;9.857601013E0;1.005669525E1
2.640613833E0;4.396357727E-1;-1.926793213E0;9.738149414E0;9.936667737E0
2.650592833E0;8.068222046E-2;-1.861528931E0;9.570198669E0;9.749897546E0
2.660571833E0;5.269042969E-2;-1.752405853E0;9.833650818E0;9.988713179E0
2.670551833E0;6.676116943E-2;-2.089654541E-1;9.711055756E0;9.713533214E0
2.680530833E0;7.155120850E-2;1.905537415E-1;9.792037354E0;9.794152635E0
2.690509833E0;7.200027466E-2;4.625381470E-2;9.795180817E0;9.795554639E0
2.700488833E0;7.020401001E-2;8.337661743E-2;9.809401245E0;9.810006781E0
2.710467833E0;7.454498291E-2;6.855743408E-2;9.802814941E0;9.803338097E0
2.720446833E0;7.065307617E-2;6.735992432E-2;9.787247314E0;9.787734120E0
2.730425833E0;7.020401001E-2;8.083190918E-2;9.778265991E0;9.778852090E0
2.740404833E0;7.634124756E-2;7.828720093E-2;9.808802490E0;9.809411968E0
2.750383833E0;7.274871826E-2;7.274871826E-2;9.833201752E0;9.833739952E0
2.760362833E0;7.244934082E-2;8.382568359E-2;9.798473969E0;9.799100355E0
2.770341833E0;6.242019653E-2;7.289840698E-2;9.767189026E0;9.767660514E0
2.780320833E0;6.556365967E-2;7.978408813E-2;9.773026886E0;9.773572459E0
2.790300833E0;7.424560547E-2;7.439529419E-2;9.788444824E0;9.789009099E0
2.800279833E0;7.170089722E-2;6.571334839E-2;9.823471985E0;9.823953435E0
2.810258833E0;8.158035278E-2;8.352630615E-2;9.826765137E0;9.827458728E0
2.820237833E0;7.080276489E-2;8.592132568E-2;9.781708832E0;9.782342418E0
2.830216833E0;8.247848511E-2;7.409591675E-2;9.714947662E0;9.715580322E0
2.840195833E0;8.053253174E-2;7.694000244E-2;9.719588013E0;9.720226149E0
2.850174833E0;7.065307617E-2;7.409591675E-2;9.770781555E0;9.771317939E0
2.860153833E0;6.885681152E-2;7.050338745E-2;9.813143463E0;9.813638297E0
2.870132833E0;7.723937988E-2;7.753875732E-2;9.811347198E0;9.811957604E0
2.880111833E0;7.529342651E-2;7.723937988E-2;9.787097626E0;9.787692014E0
2.890090833E0;7.155120850E-2;7.753875732E-2;9.759704590E0;9.760274869E0
2.900069833E0;8.457412720E-2;7.229965210E-2;9.791288910E0;9.791921085E0
2.910049833E0;6.451583862E-2;6.197113037E-2;9.844727783E0;9.845134222E0
2.920028833E0;7.843688965E-2;6.945556641E-2;9.809550934E0;9.810110394E0
2.930007833E0;8.547225952E-2;8.128097534E-2;9.720037079E0;9.720752693E0
2.939986833E0;6.855743408E-2;8.412506104E-2;9.706415405E0;9.707022055E0
2.949965833E0;7.694000244E-2;7.229965210E-2;9.782906342E0;9.783476043E0
2.959944833E0;7.484436035E-2;7.499404907E-2;9.834399261E0;9.834969986E0
2.969923833E0;7.319778442E-2;7.813751221E-2;9.824819183E0;9.825402555E0
2.979902833E0;7.559280396E-2;7.499404907E-2;9.745035095E0;9.745616829E0
2.989881833E0;7.768844604E-2;7.244934082E-2;9.730365601E0;9.730945438E0
2.999860833E0;7.110214233E-2;7.903564453E-2;9.776020660E0;9.776598698E0
3.009839833E0;7.649093628E-2;7.484436035E-2;9.810898132E0;9.811481779E0
3.019818833E0;7.319778442E-2;7.963439941E-2;9.793833618E0;9.794430892E0
3.029798833E0;8.367599487E-2;8.113128662E-2;9.750124512E0;9.750821091E0
3.039777833E0;7.783813477E-2;7.783813477E-2;9.763895874E0;9.764516383E0
3.049756833E0;7.259902954E-2;7.903564453E-2;9.813143463E0;9.813730273E0
3.059735833E0;8.113128662E-2;6.825805664E-2;9.833052063E0;9.833623662E0
3.069714833E0;7.738906860E-2;7.484436035E-2;9.781708832E0;9.782301284E0
3.079694375E0;7.828720093E-2;7.514373779E-2;9.745184784E0;9.745788934E0
3.089673375E0;8.352630615E-2;7.858657837E-2;9.774074707E0;9.774747509E0
3.099652375E0;8.262817383E-2;8.023315430E-2;9.811796265E0;9.812472202E0
3.109631375E0;7.828720093E-2;7.619155884E-2;9.814939728E0;9.815547662E0
3.119610375E0;7.424560547E-2;7.738906860E-2;9.781409454E0;9.781997362E0
3.129589375E0;8.068222046E-2;7.873626709E-2;9.747430115E0;9.748082009E0
3.139568375E0;8.247848511E-2;7.499404907E-2;9.760602722E0;9.761239281E0
3.149548375E0;7.274871826E-2;7.469467163E-2;9.803713074E0;9.804267525E0
3.159527375E0;7.319778442E-2;7.888595581E-2;9.822424164E0;9.823013660E0
3.169506375E0;7.499404907E-2;7.679031372E-2;9.789792023E0;9.790380417E0
3.179485375E0;8.113128662E-2;7.918533325E-2;9.774224396E0;9.774881848E0
3.189464375E0;8.951385498E-2;7.888595581E-2;9.748627625E0;9.749357737E0
3.199443375E0;8.547225952E-2;6.990463257E-2;9.739197235E0;9.739823148E0
3.209422375E0;8.113128662E-2;7.589218140E-2;9.856104126E0;9.856730211E0
3.219401375E0;7.903564453E-2;8.382568359E-2;9.887688446E0;9.888359631E0
3.229380375E0;8.771759033E-2;8.352630615E-2;9.783654785E0;9.784404528E0
3.239359375E0;8.352630615E-2;7.753875732E-2;9.703721008E0;9.704390260E0
3.249338375E0;7.798782349E-2;7.409591675E-2;9.716294861E0;9.716890353E0
3.259317375E0;7.708969116E-2;7.963439941E-2;9.824370117E0;9.824995301E0
3.269297375E0;7.140151978E-2;7.274871826E-2;9.854008484E0;9.854535694E0
3.279276375E0;6.571334839E-2;7.619155884E-2;9.784552917E0;9.785070219E0
3.289255375E0;8.741821289E-2;8.038284302E-2;9.709558868E0;9.710285102E0
3.299234375E0;7.514373779E-2;8.158035278E-2;9.758656769E0;9.759287057E0
3.309213375E0;7.244934082E-2;8.023315430E-2;9.815538483E0;9.816133759E0
3.319192375E0;7.798782349E-2;7.050338745E-2;9.838291168E0;9.838852877E0
3.329171375E0;6.691085815E-2;7.394622803E-2;9.779762878E0;9.780271319E0
3.339150375E0;8.173004150E-2;7.768844604E-2;9.738299103E0;9.738951931E0
3.349129375E0;8.652008057E-2;7.454498291E-2;9.778116302E0;9.778783212E0
3.359108375E0;6.676116943E-2;8.232879639E-2;9.839338989E0;9.839909899E0
3.369087375E0;7.634124756E-2;8.247848511E-2;9.825268250E0;9.825910994E0
3.379066375E0;7.813751221E-2;8.113128662E-2;9.769284668E0;9.769934016E0
3.389046375E0;7.888595581E-2;7.514373779E-2;9.736203461E0;9.736813000E0
3.399025375E0;8.412506104E-2;7.574249268E-2;9.772577820E0;9.773233405E0
3.409004375E0;8.187973022E-2;7.589218140E-2;9.833201752E0;9.833835498E0
3.418983375E0;7.080276489E-2;7.439529419E-2;9.824669495E0;9.825206276E0
3.428962375E0;7.484436035E-2;7.918533325E-2;9.769134979E0;9.769742588E0
3.438941375E0;8.487350464E-2;6.975494385E-2;9.738897858E0;9.739517480E0
3.448920375E0;7.723937988E-2;8.038284302E-2;9.761949921E0;9.762586418E0
3.458899375E0;7.304809570E-2;7.559280396E-2;9.810898132E0;9.811461281E0
3.468878375E0;6.990463257E-2;6.646179199E-2;9.811496887E0;9.811971005E0
3.478857375E0;8.637039185E-2;8.023315430E-2;9.788893890E0;9.789603710E0
3.488836375E0;8.053253174E-2;7.768844604E-2;9.749376068E0;9.750018190E0
3.498815375E0;7.050338745E-2;8.292755127E-2;9.765542450E0;9.766149039E0
3.508795375E0;7.664062500E-2;8.696914673E-2;9.790091400E0;9.790777653E0
3.518774375E0;7.798782349E-2;8.277786255E-2;9.807305603E0;9.807965001E0
3.528753375E0;7.798782349E-2;7.469467163E-2;9.779912567E0;9.780508740E0
3.538732375E0;8.217910767E-2;7.469467163E-2;9.787696381E0;9.788326371E0
3.548711375E0;7.035369873E-2;7.664062500E-2;9.779164124E0;9.779717500E0
3.558690375E0;7.828720093E-2;8.038284302E-2;9.787546692E0;9.788189850E0
3.568669375E0;8.098159790E-2;8.128097534E-2;9.788594513E0;9.789266937E0
3.578648375E0;7.873626709E-2;7.409591675E-2;9.764494629E0;9.765093188E0
3.588627375E0;7.723937988E-2;7.394622803E-2;9.786498871E0;9.787083024E0
3.598606375E0;7.110214233E-2;7.200027466E-2;9.796228638E0;9.796751251E0
3.608585375E0;7.304809570E-2;7.244934082E-2;9.803713074E0;9.804252902E0
3.618564375E0;7.664062500E-2;7.155120850E-2;9.783954163E0;9.784515952E0
3.628544375E0;7.544311523E-2;8.457412720E-2;9.779613190E0;9.780269863E0
3.638523375E0;8.008346558E-2;7.694000244E-2;9.776469727E0;9.777100462E0
3.648502375E0;8.202941895E-2;7.214996338E-2;9.787397003E0;9.788006668E0
3.658481375E0;7.020401001E-2;7.424560547E-2;9.793384552E0;9.793917602E0
3.668460375E0;7.574249268E-2;7.589218140E-2;9.791588287E0;9.792175332E0
3.678439375E0;7.843688965E-2;7.514373779E-2;9.776769104E0;9.777372502E0
3.688418375E0;7.544311523E-2;7.694000244E-2;9.771679688E0;9.772273806E0
3.698397375E0;7.723937988E-2;7.768844604E-2;9.768386536E0;9.769000815E0
3.708376375E0;8.083190918E-2;7.574249268E-2;9.793833618E0;9.794460050E0
3.718355375E0;7.649093628E-2;7.499404907E-2;9.802216187E0;9.802801494E0
3.728334375E0;8.083190918E-2;7.679031372E-2;9.770482178E0;9.771118285E0
3.738313375E0;7.679031372E-2;7.723937988E-2;9.756112061E0;9.756720003E0
3.748293375E0;8.232879639E-2;8.217910767E-2;9.776170349E0;9.776862387E0
3.758272375E0;8.562194824E-2;7.723937988E-2;9.794432373E0;9.795111156E0
3.768251375E0;7.035369873E-2;7.619155884E-2;9.809251556E0;9.809799738E0
3.778230375E0;6.960525513E-2;7.544311523E-2;9.788893890E0;9.789432065E0
3.788209375E0;9.011260986E-2;7.753875732E-2;9.760602722E0;9.761326654E0
3.798188375E0;7.873626709E-2;7.319778442E-2;9.783654785E0;9.784245411E0
3.808167375E0;7.708969116E-2;7.229965210E-2;9.809401245E0;9.809970583E0
3.818146375E0;7.918533325E-2;7.244934082E-2;9.767189026E0;9.767778698E0
3.828125375E0;8.412506104E-2;7.409591675E-2;9.771529999E0;9.772173031E0
3.838104375E0;8.068222046E-2;8.098159790E-2;9.807604980E0;9.808271157E0
3.848083375E0;7.948471069E-2;7.918533325E-2;9.815837860E0;9.816479055E0
3.858062375E0;7.948471069E-2;7.244934082E-2;9.788893890E0;9.789484681E0
3.868041375E0;7.903564453E-2;7.649093628E-2;9.763895874E0;9.764515356E0
3.878021375E0;7.424560547E-2;7.304809570E-2;9.775421906E0;9.775976773E0
3.888000375E0;7.948471069E-2;7.903564453E-2;9.781110077E0;9.781752337E0
3.897979375E0;7.559280396E-2;7.933502197E-2;9.796977081E0;9.797589920E0
3.907958375E0;7.349716187E-2;7.694000244E-2;9.794432373E0;9.795010317E0
3.917937375E0;8.277786255E-2;7.828720093E-2;9.776918793E0;9.777582633E0
3.927916375E0;7.783813477E-2;7.604187012E-2;9.765841827E0;9.766448062E0
3.937895375E0;7.349716187E-2;7.843688965E-2;9.782457275E0;9.783047814E0
3.947874375E0;7.619155884E-2;7.843688965E-2;9.790839844E0;9.791450472E0
3.957853375E0;7.544311523E-2;7.529342651E-2;9.795629883E0;9.796209755E0
3.967832375E0;7.798782349E-2;8.307723999E-2;9.777068481E0;9.777732458E0
3.977811375E0;7.963439941E-2;7.679031372E-2;9.767189026E0;9.767815511E0
3.987790375E0;7.454498291E-2;7.409591675E-2;9.772128754E0;9.772693975E0
3.997770375E0;7.050338745E-2;7.334747314E-2;9.792037354E0;9.792565859E0
4.007749375E0;8.187973022E-2;7.948471069E-2;9.811945953E0;9.812609515E0
4.017728375E0;7.873626709E-2;8.367599487E-2;9.782756653E0;9.783431341E0
4.027707375E0;7.708969116E-2;7.185058594E-2;9.765093384E0;9.765661991E0
4.037686375E0;8.921447754E-2;7.424560547E-2;9.794132996E0;9.794820711E0
4.047665375E0;7.499404907E-2;6.990463257E-2;9.797725525E0;9.798261898E0
4.057644375E0;7.185058594E-2;8.068222046E-2;9.767039337E0;9.767636845E0
4.067623375E0;7.514373779E-2;8.068222046E-2;9.743687897E0;9.744311676E0
4.077605208E0;8.247848511E-2;7.349716187E-2;9.766440582E0;9.767065382E0
4.087584208E0;1.032852173E-1;6.227050781E-2;9.842183075E0;9.842921981E0
4.097563208E0;8.831634521E-2;7.454498291E-2;9.775571594E0;9.776254739E0
4.107542208E0;6.571334839E-2;8.726852417E-2;9.750274200E0;9.750886166E0
4.117522208E0;9.400451660E-2;7.334747314E-2;9.815987549E0;9.816711683E0
4.127501208E0;1.043330383E-1;6.556365967E-2;9.820178833E0;9.820951903E0
4.137480208E0;8.217910767E-2;7.664062500E-2;9.783954163E0;9.784599442E0
4.147459208E0;9.145980835E-2;6.915618896E-2;9.798773346E0;9.799444196E0
4.157438208E0;7.589218140E-2;7.170089722E-2;9.764494629E0;9.765052790E0
4.167417208E0;8.577163696E-2;6.750961304E-2;9.756561127E0;9.757171688E0
4.177396208E0;1.028361511E-1;6.331832886E-2;9.787696381E0;9.788441394E0
4.187375208E0;8.637039185E-2;3.113525391E-2;9.783355408E0;9.783786194E0
4.197354208E0;1.157093811E-1;-1.715432739E-1;9.813891907E0;9.816073049E0
4.207333208E0;3.001258850E-1;-4.957690430E-1;9.841135254E0;9.858184700E0
4.217312208E0;4.454736328E-1;-3.649411011E-1;9.759704590E0;9.776679520E0
4.227291208E0;2.821632385E-1;-8.517288208E-2;9.735305328E0;9.739765929E0
4.237271208E0;2.300715637E-1;-2.691403198E-1;9.794582062E0;9.800979910E0
4.247250208E0;1.779798889E-1;-4.980143738E-1;9.814640350E0;9.828878897E0
4.257229208E0;3.113525391E-2;-5.168751526E-1;9.810898132E0;9.824553501E0
4.267208208E0;9.714797974E-2;-4.578977966E-1;9.762698364E0;9.773913621E0
4.277187208E0;1.824705505E-1;-3.246748352E-1;9.750872955E0;9.757983021E0
4.287166208E0;1.326242065E-1;-2.582130432E-1;9.774074707E0;9.778384301E0
4.297145208E0;9.535171509E-2;-2.525248718E-1;9.810000000E0;9.813712894E0
4.307124208E0;2.230361938E-2;-1.425036621E-1;9.830207977E0;9.831266125E0
4.317103208E0;-1.930984497E-2;-3.517684937E-2;9.773176575E0;9.773258957E0
4.327082208E0;-1.796264648E-3;-1.597178650E-1;9.767338715E0;9.768644665E0
4.337061208E0;-1.218466187E-1;-4.409829712E-1;9.816436615E0;9.827092164E0
4.347040208E0;-1.088237000E-1;-7.445516968E-1;9.800270233E0;9.829114735E0
4.357020208E0;-2.978805542E-2;-1.005908203E0;9.823771362E0;9.875182146E0
4.366999208E0;-6.227050781E-2;-1.224004669E0;9.761051788E0;9.837692670E0
4.376978208E0;2.499801636E-2;-1.254690857E0;9.772877197E0;9.853121473E0
4.386957208E0;1.709445190E-1;-1.130898285E0;9.772877197E0;9.839577312E0
4.396936208E0;2.574645996E-1;-1.079405365E0;9.816586304E0;9.879107785E0
4.406915208E0;1.880090332E-1;-9.864486694E-1;9.800270233E0;9.851584899E0
4.416894208E0;2.544708252E-2;-7.934999084E-1;9.811347198E0;9.843415236E0
4.426873208E0;-1.288819885E-1;-7.032376099E-1;9.775272217E0;9.801382587E0
4.436852208E0;-1.667532349E-1;-8.017327881E-1;9.832902374E0;9.866942343E0
4.446831208E0;1.167572021E-2;-1.080153809E0;9.771829376E0;9.831353820E0
4.456810208E0;2.064207458E-1;-1.042432251E0;9.777517548E0;9.835096538E0
4.466789208E0;1.104702759E-1;-1.046773224E0;9.822873230E0;9.879108075E0
4.476769208E0;2.845582581E-1;-1.308429108E0;9.787995758E0;9.879160951E0
4.486748208E0;3.601510620E-1;-1.387614441E0;9.820029144E0;9.924119861E0
4.496727208E0;3.376977539E-1;-1.276096344E0;9.770482178E0;9.859248635E0
4.506706208E0;5.837860107E-1;-1.216071167E0;9.761650543E0;9.854413048E0
4.516685208E0;5.604345703E-1;-1.360071716E0;9.754615173E0;9.864907458E0
4.526664208E0;4.610412598E-1;-1.162033539E0;9.822274475E0;9.901512857E0
4.536643208E0;5.724096680E-1;-1.038540344E0;9.823621674E0;9.894936163E0
4.546622208E0;5.481600952E-1;-1.047521667E0;9.780511322E0;9.851709641E0
4.556601208E0;3.685336304E-1;-1.071621552E0;9.816286926E0;9.881481610E0
4.566580208E0;4.116439819E-2;-8.475375366E-1;9.778116302E0;9.814864890E0
4.576559208E0;-2.041754150E-1;-6.415658569E-1;9.787097626E0;9.810228044E0
4.586538208E0;-4.219725037E-1;-7.949967957E-1;9.861193542E0;9.902182526E0
4.596518208E0;-4.035607910E-1;-9.244775391E-1;9.727970581E0;9.780129430E0
4.606497208E0;-2.604583740E-1;-1.021176453E0;9.814041595E0;9.870463634E0
4.616476208E0;2.679428101E-1;-8.357121277E-1;9.768685913E0;9.808028985E0
4.626455208E0;3.436853027E-1;-9.490264893E-1;9.726024628E0;9.778257816E0
4.636434208E0;2.671943665E-1;-1.106499023E0;9.837991791E0;9.903626376E0
4.646413208E0;2.171983337E-1;-1.030307465E0;9.811646576E0;9.867984451E0
4.656392208E0;-4.505630493E-2;-9.687854004E-1;9.849817200E0;9.897447857E0
4.666371208E0;-1.414558411E-1;-1.047970734E0;9.786049805E0;9.843019008E0
4.676350208E0;2.764750671E-1;-9.267228699E-1;9.749376068E0;9.797223457E0
4.686329208E0;5.303471375E-1;-8.596623230E-1;9.709109802E0;9.761511182E0
4.696308208E0;5.908213806E-1;-1.044378204E0;9.830357666E0;9.903319018E0
4.706287208E0;7.852670288E-1;-1.014290771E0;9.795031128E0;9.878667161E0
4.716267208E0;5.313949585E-1;-9.114546204E-1;9.806407471E0;9.862999423E0
4.726246208E0;2.134561157E-1;-8.520281982E-1;9.758656769E0;9.798106832E0
4.736225208E0;3.308120728E-2;-7.541317749E-1;9.703122253E0;9.732440114E0
4.746204208E0;-2.163002014E-1;-8.991801453E-1;9.860445099E0;9.903720930E0
4.756183208E0;-4.812492371E-1;-1.035097504E0;9.798324280E0;9.864592559E0
4.766162208E0;-4.668791199E-1;-9.150471497E-1;9.464518433E0;9.520104861E0
4.776141208E0;-3.511697388E-1;-3.936813354E-1;1.016880386E1;1.018247893E1
4.786120208E0;-4.863386536E-1;-5.412744141E-1;1.022074585E1;1.024661647E1
4.796099208E0;2.401007080E-1;-7.981402588E-1;9.629625092E0;9.665627534E0
4.806078208E0;4.758604431E-1;-6.035449219E-1;9.478888550E0;9.509996728E0
4.816057208E0;3.453318787E-1;-1.562750244E-1;9.542057190E0;9.549582787E0
4.826036208E0;2.417472839E-1;-8.277786255E-2;9.956694946E0;9.959973302E0
4.836016208E0;-1.451980591E-2;-6.846762085E-1;9.987830200E0;1.001128086E1
4.845995208E0;3.098556519E-2;-9.777667236E-1;9.873917084E0;9.922259140E0
4.855974208E0;2.963836670E-2;-1.048419800E0;9.615853729E0;9.672885064E0
4.865953208E0;1.513352966E-1;-6.920109558E-1;9.815239105E0;9.840767258E0
4.875932208E0;-1.526824951E-2;-6.343807983E-1;9.736502838E0;9.757159404E0
4.885911208E0;-2.829116821E-1;-6.584806824E-1;9.921817474E0;9.947667959E0
4.895890208E0;-9.774673462E-2;-6.173162842E-1;9.826465759E0;9.846322315E0
4.905869208E0;9.005273438E-1;-1.907034302E-1;9.680668945E0;9.724333834E0
4.915848208E0;8.116122437E-1;1.830693054E-1;9.764794006E0;9.800175039E0
4.925827208E0;5.213658142E-1;-6.586303711E-2;9.798473969E0;9.812555853E0
4.935806208E0;6.574328613E-1;-6.397695923E-1;9.839937744E0;9.882605826E0
4.945785208E0;7.750881958E-1;-7.084767151E-1;9.806557159E0;9.862619545E0
4.955765208E0;7.255412292E-1;-6.521937561E-1;9.796827393E0;9.845282816E0
4.965744208E0;3.748205566E-1;-7.414082336E-1;9.729766846E0;9.765169711E0
4.975723208E0;-1.627116394E-1;-7.204518127E-1;9.812844086E0;9.840601351E0
4.985702208E0;-4.266128540E-1;-2.603086853E-1;9.789342957E0;9.802091341E0
4.995681208E0;-1.275347900E-1;1.559756470E-1;9.793833618E0;9.795905801E0
5.005660208E0;1.685494995E-1;-8.936416626E-2;9.763895874E0;9.765759444E0
5.015639208E0;2.439926147E-2;-4.525090027E-1;9.779762878E0;9.790256466E0
5.025618208E0;-2.917433167E-1;-1.553768921E-1;9.760752411E0;9.766347514E0
5.035597208E0;-8.114625549E-1;1.703457642E-1;9.907147980E0;9.941784058E0
5.045576208E0;-2.312690735E-1;1.004411316E-1;9.873468018E0;9.876686919E0
5.055555208E0;5.134323120E-1;-1.645079041E-1;9.757608948E0;9.772492413E0
5.065534208E0;6.150709534E-1;-4.472698975E-1;9.748777313E0;9.778395663E0
5.075513208E0;-7.948471069E-2;-1.595681763E-1;9.737400970E0;9.739032677E0
5.085489750E0;-7.203021240E-1;4.358935547E-1;9.777816925E0;9.813997257E0
5.095468750E0;-5.128335571E-1;3.775149536E-1;9.885892181E0;9.906380773E0
5.105447750E0;-3.534150696E-1;5.388793945E-2;9.768236847E0;9.774776582E0
5.115426750E0;-7.694000244E-2;9.071136475E-2;9.763596497E0;9.764321014E0
5.125405750E0;3.188369751E-1;-2.230361938E-2;9.793534241E0;9.798748256E0
5.135384750E0;3.403921509E-1;1.408570862E-1;9.758806458E0;9.765757063E0
5.145363750E0;-2.273771667E-1;9.400451660E-2;9.818532257E0;9.821614577E0
5.155342750E0;-3.752696228E-1;-1.225950623E-1;9.833501129E0;9.841422727E0
5.165321750E0;1.734892273E-1;-4.728666687E-1;9.800569611E0;9.813504272E0
5.175300750E0;7.539820862E-1;-3.219804382E-1;9.731114044E0;9.765589636E0
5.185279750E0;1.167572021E0;2.240840149E-1;9.812245331E0;9.884007108E0
5.195259750E0;9.223818970E-1;1.207987976E-1;9.773625641E0;9.817797048E0
5.205238750E0;6.915618896E-1;-5.179229736E-2;9.758806458E0;9.783416774E0
5.215217750E0;2.124082947E-1;2.779719543E-1;9.830956421E0;9.837178957E0
5.225196750E0;-2.224374390E-1;4.484674072E-1;9.872719574E0;9.885403038E0
5.235175750E0;-5.492079163E-1;6.855743408E-2;9.764644318E0;9.780317383E0
5.245154750E0;-4.866380310E-1;-3.923341370E-1;9.844278717E0;9.864104932E0
5.255133750E0;3.147953796E-1;-6.735992432E-2;9.768236847E0;9.773540023E0
5.265112750E0;7.818241882E-1;1.281335449E-1;9.821076965E0;9.852980261E0
5.275091750E0;6.491999817E-1;1.185534668E-1;9.696985016E0;9.719415308E0
5.285070750E0;7.559280396E-2;-3.876937866E-2;9.749376068E0;9.749746205E0
5.295049750E0;-7.943980408E-1;-5.023553467E-1;9.782008209E0;9.827060280E0
5.305028750E0;-1.194366302E0;-7.481442261E-1;9.807455292E0;9.908199127E0
5.315007750E0;-9.886940002E-1;-5.846841431E-1;9.814939728E0;9.881923559E0
5.324987750E0;-3.079096985E-1;-7.499404907E-2;9.618398438E0;9.623617874E0
5.334966750E0;4.138893127E-1;7.813751221E-1;9.818532257E0;9.858266943E0
5.344945750E0;-2.415975952E-1;5.538482666E-1;9.911039886E0;9.929442529E0
5.354924750E0;3.580554199E-1;4.481680298E-1;9.722432098E0;9.739340028E0
5.364903750E0;1.701960754E-1;1.405577087E-1;9.811047821E0;9.813530584E0
5.374882750E0;8.352630615E-2;-3.562591553E-2;9.776619415E0;9.777041119E0
5.384861750E0;-1.077758789E-2;-2.856060791E-1;9.763147430E0;9.767329970E0
5.394840750E0;-6.363267517E-1;-7.409591675E-1;9.844877472E0;9.893206996E0
5.404819750E0;-1.075663147E0;-8.189469910E-1;9.801018677E0;9.893820924E0
5.414798750E0;-1.181044006E0;-9.577084351E-1;9.845925293E0;9.962645997E0
5.424777750E0;-1.034199371E0;-1.097218323E0;9.796078949E0;9.911438804E0
5.434756750E0;-6.286926270E-2;-7.685018921E-1;9.790091400E0;9.820409224E0
5.444736750E0;7.354206848E-1;-1.103355560E0;9.748927002E0;9.838689687E0
5.454715750E0;1.467248840E0;-5.312452698E-1;9.793534241E0;9.917073844E0
5.464694750E0;1.449435883E0;-3.010240173E-1;9.793384552E0;9.904638349E0
5.474673750E0;1.648072815E0;-6.004014587E-1;9.737550659E0;9.894266964E0
5.484652750E0;1.539548492E0;-4.134402466E-1;9.819879456E0;9.948425751E0
5.494631750E0;1.109642487E0;-3.436853027E-1;9.794132996E0;9.862781918E0
5.504610750E0;9.283694458E-1;-5.565426636E-1;9.791887665E0;9.851531536E0
5.514589750E0;4.547543335E-1;-7.096742249E-1;9.776619415E0;9.812885722E0
5.524568750E0;-1.404080200E-1;-1.122964783E0;9.784702606E0;9.849932457E0
5.534547750E0;-2.604583740E-1;-7.563771057E-1;9.802365875E0;9.834954074E0
5.544526750E0;7.300318909E-1;-2.031275940E-1;9.734706573E0;9.764154825E0
5.554505750E0;1.148262177E0;-7.330256653E-1;9.777068481E0;9.871519677E0
5.564485750E0;1.031804352E0;-6.099815369E-1;9.853559418E0;9.926194180E0
5.574464750E0;1.831740875E0;2.320175171E-1;9.737400970E0;9.910907346E0
5.584443750E0;1.966311035E0;2.640509033E-1;9.815538483E0;1.001403503E1
5.594422750E0;1.231489105E0;-1.571731567E-1;9.831106110E0;9.909183425E0
5.604401750E0;5.032534790E-1;-4.629872131E-1;9.815987549E0;9.839778086E0
5.614380750E0;-2.721340942E-1;-7.244934082E-1;9.758656769E0;9.789296685E0
5.624359750E0;-1.266366577E-1;-7.686515808E-1;9.833052063E0;9.863862072E0
5.634338750E0;1.012494507E0;-5.604345703E-1;9.715696106E0;9.784374423E0
5.644317750E0;5.072950745E-1;-2.884501648E-1;9.802515564E0;9.819870833E0
5.654296750E0;7.095245361E-1;-1.049317932E-1;9.808054047E0;9.834244248E0
5.664275750E0;9.921368408E-1;5.986051941E-1;9.787397003E0;9.855749783E0
5.674254750E0;4.070036316E-1;1.183289337E0;9.700876923E0;9.781249341E0
5.684234750E0;3.203338623E-2;1.103056183E0;9.833800507E0;9.895523810E0
5.694213750E0;-9.589059448E-1;8.110134888E-1;9.839937744E0;9.919758984E0
5.704192750E0;-1.303639069E0;1.217568054E0;9.718390503E0;9.880741913E0
5.714171750E0;-9.867480469E-1;1.525627441E0;9.690099335E0;9.858967284E0
5.724150750E0;9.879455566E-2;1.956281891E0;9.833201752E0;1.002639795E1
5.734129750E0;3.436853027E-1;1.987866211E0;9.721833344E0;9.928936258E0
5.744108750E0;-1.157093811E-1;1.856140137E0;9.848470001E0;1.002252494E1
5.754087750E0;2.935395813E-1;1.986519012E0;9.784403229E0;9.988341695E0
5.764066750E0;1.698966980E-1;2.789898376E0;9.725276184E0;1.011896214E1
5.774045750E0;-1.700463867E-1;2.992277527E0;9.523196411E0;9.983682209E0
5.784024750E0;-7.533833313E-1;2.236349487E0;1.004396347E1;1.031746324E1
5.794003750E0;-1.167122955E0;2.172582092E0;9.600585480E0;9.912291889E0
5.803983750E0;-7.265890503E-1;2.812651062E0;9.985584869E0;1.039955974E1
5.813962750E0;-6.289920044E-1;2.602338409E0;9.708810425E0;1.007118642E1
5.823941750E0;-2.427951050E-1;1.988315277E0;9.755363617E0;9.958888814E0
5.833920750E0;1.727557526E0;1.883982239E0;9.759105835E0;1.008830961E1
5.843899750E0;1.383123779E0;1.901645508E0;9.864337006E0;1.014073131E1
5.853878750E0;1.300495605E0;2.768642578E0;9.680668945E0;1.015243920E1
5.863857750E0;8.256829834E-1;3.159330139E0;9.900861053E0;1.042545773E1
5.873836750E0;4.126918030E-1;3.374881897E0;9.661658478E0;1.024245024E1
5.883815750E0;1.733395386E-1;3.288361816E0;9.804760895E0;1.034295442E1
5.893794750E0;-2.805166626E-1;3.203338623E0;9.760303345E0;1.027636070E1
5.903773750E0;-3.197351074E-1;3.230731659E0;9.802066498E0;1.032571379E1
5.913752750E0;-3.137475586E-1;2.958148499E0;9.770332489E0;1.021315216E1
5.923731750E0;2.758763123E-1;2.876119080E0;9.746531982E0;1.016577859E1
5.933711750E0;6.849755859E-1;2.788251801E0;9.740095367E0;1.015445702E1
5.943690750E0;5.502557373E-1;2.802921295E0;9.856253815E0;1.026181701E1
5.953669750E0;2.785707092E-1;2.526446228E0;9.712852020E0;1.003992164E1
5.963648750E0;5.328918457E-2;2.611469421E0;9.794132996E0;1.013645172E1
5.973627750E0;3.338058472E-2;2.316133575E0;9.780960388E0;1.005150611E1
5.983606750E0;2.198927307E-1;1.724414063E0;9.753866730E0;9.907566445E0
5.993585750E0;3.679348755E-1;1.323847046E0;9.791737976E0;9.887673117E0
6.003564750E0;3.757186890E-1;6.951544189E-1;9.802665253E0;9.834462378E0
6.013543750E0;2.088157654E-1;3.885919189E-1;9.771529999E0;9.781482823E0
6.023522750E0;2.896476746E-1;5.388793945E-1;9.809850311E0;9.828908887E0
6.033501750E0;1.122665405E-1;3.722758484E-1;9.769134979E0;9.776870221E0
6.043480750E0;4.161346436E-2;5.493576050E-1;9.774972839E0;9.790486171E0
6.053460750E0;2.315684509E-1;7.800279236E-1;9.788295135E0;9.822056260E0
6.063439750E0;1.682501221E-1;7.209008789E-1;9.770182800E0;9.798187492E0
6.073418750E0;1.698966980E-1;8.602610779E-1;9.786199493E0;9.825406584E0
6.083398375E0;1.655557251E-1;7.355703735E-1;9.783654785E0;9.812663931E0
6.093377375E0;1.972897339E-1;1.859133911E-1;9.783056030E0;9.786811142E0
6.103356375E0;2.049238586E-1;1.796264648E-3;9.772577820E0;9.774726301E0
6.113335375E0;3.173400879E-1;-2.170486450E-2;9.761800232E0;9.766981089E0
6.123314375E0;2.439926147E-1;-2.874023438E-2;9.753866730E0;9.756960314E0
6.133293375E0;1.752854919E-1;-1.121168518E-1;9.803264008E0;9.805471962E0
6.143272375E0;1.483415222E-1;-5.020559692E-1;9.906249847E0;9.920073157E0
6.153251375E0;-2.245330811E-3;-4.553530884E-1;9.662556610E0;9.673280298E0
6.163230375E0;-5.448669434E-2;-1.474433899E-1;9.717043304E0;9.718314614E0
6.173210375E0;2.020797729E-1;-1.866618347E-1;9.856553192E0;9.860391458E0
6.183189375E0;2.053729248E-1;2.031275940E-1;9.791887665E0;9.796147350E0
6.193168375E0;3.745211792E-1;2.468367004E-1;9.784552917E0;9.794828751E0
6.203147375E0;5.107379150E-1;3.044668579E-1;9.749226379E0;9.767341925E0
6.213126375E0;3.969744873E-1;3.198847961E-1;9.797126770E0;9.810382662E0
6.223105375E0;1.124162292E-1;1.121168518E-1;9.801168365E0;9.802454230E0
6.233084375E0;2.357597351E-1;1.667532349E-1;9.777816925E0;9.782080204E0
6.243063375E0;3.014730835E-1;8.562194824E-2;9.785001984E0;9.790019456E0
6.253042375E0;3.231779480E-1;4.056564331E-2;9.788893890E0;9.794311265E0
6.263021375E0;2.842588806E-1;1.691482544E-2;9.778565369E0;9.782710764E0
6.273000375E0;2.335144043E-1;1.646575928E-3;9.810898132E0;9.813676877E0
6.282979375E0;2.297721863E-1;1.347198486E-3;9.802814941E0;9.805507526E0
6.292959375E0;2.393522644E-1;4.340972900E-3;9.785750427E0;9.788678142E0
6.302938375E0;2.324665833E-1;9.879455566E-3;9.800719299E0;9.803480867E0
6.312917375E0;2.356100464E-1;1.496887207E-4;9.759105835E0;9.761949540E0
6.322896375E0;2.544708252E-1;4.790039062E-3;9.775870972E0;9.779183586E0
6.332875375E0;2.453398132E-1;2.993774414E-4;9.773176575E0;9.776255524E0
6.342854375E0;2.354603577E-1;-2.724334717E-2;9.773925018E0;9.776798763E0
6.352833375E0;2.508782959E-1;-1.844165039E-1;9.773475952E0;9.778434514E0
6.362812375E0;2.588117981E-1;1.556762695E-2;9.796078949E0;9.799509614E0
6.372791375E0;2.445913696E-1;9.116043091E-2;9.805359650E0;9.808833418E0
6.382770375E0;2.237846375E-1;-4.565505981E-2;9.793234863E0;9.795897766E0
6.392749375E0;2.154020691E-1;1.185534668E-1;9.815688171E0;9.818767094E0
6.402728375E0;2.230361938E-1;2.559677124E-2;9.816885681E0;9.819452368E0
6.412708375E0;2.326162720E-1;-6.586303711E-3;9.783505096E0;9.786272308E0
6.422687375E0;2.240840149E-1;2.454895020E-2;9.790690155E0;9.793284945E0
6.432666375E0;2.299218750E-1;4.939727783E-3;9.810000000E0;9.812695270E0
6.442645375E0;1.633103943E-1;3.547622681E-2;9.766590271E0;9.768019982E0
6.452624375E0;1.682501221E-1;1.184037781E-1;9.704768829E0;9.706949345E0
6.462603375E0;5.285508728E-1;1.631607056E-2;8.903485107E0;8.919174810E0
6.472582375E0;4.888833618E-1;-3.439846802E-1;1.132425110E1;1.134001743E1
6.482561375E0;-4.068539429E-1;2.076182556E-1;9.155560913E0;9.166947753E0
6.492540375E0;6.616241455E-2;1.315763855E-1;9.370663605E0;9.371820858E0
6.502519375E0;3.122506714E-1;-8.412506104E-2;1.054691757E1;1.055187414E1
6.512498375E0;-4.026626587E-2;1.119671631E-1;9.335486755E0;9.336245015E0
6.522477375E0;1.031355286E-1;5.119354248E-2;9.814490662E0;9.815166054E0
6.532457375E0;1.363664246E-1;3.233276367E-2;9.905202026E0;9.906193436E0
6.542436375E0;6.391708374E-2;6.706054688E-2;9.670639801E0;9.671083531E0
6.552415375E0;1.116677856E-1;3.876937866E-2;9.844877472E0;9.845587093E0
6.562394375E0;7.409591675E-2;5.164260864E-2;9.742939453E0;9.743358063E0
6.572373375E0;9.819580078E-2;4.685256958E-2;9.815239105E0;9.815842107E0
6.582352375E0;9.295669556E-2;5.673202515E-2;9.783804474E0;9.784410532E0
6.592331375E0;9.026229858E-2;5.897735596E-2;9.787247314E0;9.787841213E0
6.602310375E0;9.624984741E-2;5.553451538E-2;9.783205719E0;9.783836786E0
6.612289375E0;9.565109253E-2;5.149291992E-2;9.789342957E0;9.789945668E0
6.622268375E0;9.580078125E-2;5.089416504E-2;9.783505096E0;9.784106499E0
6.632247375E0;9.580078125E-2;4.715194702E-2;9.796378326E0;9.796960213E0
6.642226375E0;9.460327148E-2;4.311035156E-2;9.792187042E0;9.792738910E0
6.652206375E0;1.019380188E-1;5.119354248E-2;9.792486420E0;9.793150791E0
6.662185375E0;1.017883301E-1;5.194198608E-2;9.778265991E0;9.778933716E0
6.672164375E0;9.550140381E-2;4.715194702E-2;9.787546692E0;9.788126178E0
6.682143375E0;8.906478882E-2;4.849914551E-2;9.794881439E0;9.795406429E0
6.692122375E0;9.520202637E-2;4.610412598E-2;9.781559143E0;9.782131071E0
6.702101375E0;8.996292114E-2;5.089416504E-2;9.782457275E0;9.783003316E0
6.712080375E0;8.921447754E-2;5.029541016E-2;9.783505096E0;9.784041129E0
6.722059375E0;8.756790161E-2;4.954696655E-2;9.789941711E0;9.790458710E0
6.732038375E0;1.038839722E-1;4.984634399E-2;9.779014435E0;9.779693239E0
6.742017375E0;9.595046997E-2;4.700225830E-2;9.782906342E0;9.783489776E0
6.751996375E0;9.280700684E-2;4.640350342E-2;9.785151672E0;9.785701798E0
6.761975375E0;9.714797974E-2;6.047424316E-2;9.780810699E0;9.781480093E0
6.771955375E0;9.430389404E-2;5.239105225E-2;9.781858521E0;9.782453382E0
6.781934375E0;9.490264893E-2;5.209167480E-2;9.776918793E0;9.777518148E0
6.791913375E0;9.669891357E-2;5.179229736E-2;9.789642334E0;9.790256899E0
6.801892375E0;8.427474976E-2;4.146377563E-2;9.785301361E0;9.785752102E0
6.811871375E0;8.397537231E-2;4.580474854E-2;9.786199493E0;9.786666974E0
6.821850375E0;9.086105347E-2;5.373825073E-2;9.788444824E0;9.789014026E0
6.831829375E0;9.669891357E-2;5.358856201E-2;9.783954163E0;9.784578758E0
6.841808375E0;1.019380188E-1;4.640350342E-2;9.795779572E0;9.796419859E0
6.851787375E0;9.834548950E-2;4.805007935E-2;9.792636108E0;9.793247806E0
6.861766375E0;8.307723999E-2;4.370910645E-2;9.786947937E0;9.787398134E0
6.871745375E0;9.595046997E-2;5.074447632E-2;9.786349182E0;9.786951099E0
6.881724375E0;8.951385498E-2;4.924758911E-2;9.778864746E0;9.779398436E0
6.891703375E0;8.666976929E-2;5.703140259E-2;9.777367859E0;9.777918310E0
6.901683375E0;1.037342834E-1;5.658233643E-2;9.776619415E0;9.777333458E0
6.911662375E0;9.400451660E-2;5.119354248E-2;9.784403229E0;9.784988716E0
6.921641375E0;8.547225952E-2;4.026626587E-2;9.781409454E0;9.781865762E0
6.931620375E0;8.741821289E-2;4.670288086E-2;9.781858521E0;9.782360616E0
6.941599375E0;8.756790161E-2;4.775070190E-2;9.790839844E0;9.791347870E0
6.951578375E0;9.086105347E-2;5.882766724E-2;9.783355408E0;9.783954183E0
6.961557375E0;9.789642334E-2;5.448669434E-2;9.792486420E0;9.793127324E0
6.971536375E0;9.445358276E-2;4.505630493E-2;9.773176575E0;9.773736845E0
6.981515375E0;8.457412720E-2;4.281097412E-2;9.788295135E0;9.788754120E0
6.991494375E0;8.921447754E-2;4.670288086E-2;9.801318054E0;9.801835337E0
7.001473375E0;9.250762939E-2;5.703140259E-2;9.786498871E0;9.787102247E0
7.011453375E0;8.891510010E-2;6.152206421E-2;9.785001984E0;9.785599352E0
7.021432375E0;9.505233765E-2;5.658233643E-2;9.799222412E0;9.799846753E0
7.031411375E0;8.876541138E-2;5.328918457E-2;9.785301361E0;9.785849057E0
7.041390375E0;9.654922485E-2;4.011657715E-2;9.782307587E0;9.782866288E0
7.051369375E0;9.071136475E-2;4.296066284E-2;9.780211945E0;9.780726959E0
7.061348375E0;8.831634521E-2;5.194198608E-2;9.784103851E0;9.784640306E0
7.071327375E0;8.891510010E-2;5.343887329E-2;9.790241089E0;9.790790682E0
7.081306125E0;9.475296021E-2;5.254074097E-2;9.791438599E0;9.792038015E0
7.091285125E0;1.020877075E-1;4.954696655E-2;9.785151672E0;9.785809627E0
7.101264125E0;9.026229858E-2;4.460723877E-2;9.785001984E0;9.785519961E0
7.111243125E0;9.789642334E-2;5.463638306E-2;9.784852295E0;9.785494534E0
7.121222125E0;8.666976929E-2;5.343887329E-2;9.790390778E0;9.790920229E0
7.131201125E0;9.340576172E-2;5.254074097E-2;9.788594513E0;9.789181156E0
7.141181125E0;1.017883301E-1;5.418731689E-2;9.790989532E0;9.791668558E0
7.151160125E0;9.071136475E-2;4.460723877E-2;9.793983307E0;9.794504958E0
7.161139125E0;9.280700684E-2;5.119354248E-2;9.791588287E0;9.792161922E0
7.171118125E0;9.654922485E-2;5.703140259E-2;9.785900116E0;9.786542567E0
7.181097125E0;8.577163696E-2;5.284011841E-2;9.789193268E0;9.789711624E0
7.191076125E0;9.984237671E-2;5.089416504E-2;9.780810699E0;9.781452686E0
7.201055125E0;1.070274353E-1;4.236190796E-2;9.779164124E0;9.779841530E0
7.211034125E0;9.475296021E-2;4.775070190E-2;9.785451050E0;9.786026288E0
7.221013125E0;8.457412720E-2;4.670288086E-2;9.780511322E0;9.780988481E0
7.230992125E0;9.595046997E-2;5.433700562E-2;9.792336731E0;9.792957554E0
7.240971125E0;9.370513916E-2;4.879852295E-2;9.778415680E0;9.778986408E0
7.250950125E0;9.729766846E-2;5.613327026E-2;9.780361633E0;9.781006669E0
7.260930125E0;8.981323242E-2;5.688171387E-2;9.783954163E0;9.784531721E0
7.270909125E0;8.352630615E-2;5.014572144E-2;9.778864746E0;9.779350027E0
7.280888125E0;9.789642334E-2;5.089416504E-2;9.789941711E0;9.790563448E0
7.290867125E0;1.020877075E-1;5.119354248E-2;9.787846069E0;9.788512316E0
7.300846125E0;9.340576172E-2;4.894821167E-2;9.793534241E0;9.794101975E0
7.310825125E0;5.987548828E-2;7.664062500E-2;9.560169525E0;9.560664214E0
7.320804125E0;-8.307723999E-2;1.701960754E-1;9.344917145E0;9.346836094E0
7.330783125E0;4.468208313E-1;-1.546284485E-1;1.057505905E1;1.058562387E1
7.340762125E0;2.091151428E-1;-2.125579834E-2;9.937834167E0;9.940056785E0
7.350741125E0;1.781295776E-2;8.891510010E-2;9.557624817E0;9.558054998E0
7.360720125E0;1.606159973E-1;1.062789917E-2;9.891730042E0;9.893039657E0
7.370699125E0;2.874023438E-1;-4.191284180E-2;1.022284149E1;1.022696656E1
7.380679125E0;-1.133143616E-1;1.679507446E-1;9.096433868E0;9.098689835E0